Group,FRS,KTS,X-FaKT
HIGH,0.9150943396226413,0.9047619047619047,0.9098987904221177
MEDIUM,0.7451577199778637,0.9071837253655437,0.8182267149437997
LOW,0.7523917202991824,0.8303145853193517,0.7894349280345896
